{
  "project_info": {
    "project_number": "884451188715",
    "firebase_url": "https://researchapp-e2260.firebaseio.com",
    "project_id": "researchapp-e2260",
    "storage_bucket": "researchapp-e2260.appspot.com"
  },
  "client": [
    {
      "client_info": {
        "mobilesdk_app_id": "1:884451188715:android:9f4b725acb78d7e9",
        "android_client_info": {
          "package_name": "com.example.aline.firebaseapp"
        }
      },
      "oauth_client": [],
      "api_key": [
        {
          "current_key": "AIzaSyBp64c_QZPI4wS-Ka618UmChFe0xhu6f98"
        }
      ],
      "services": {
        "appinvite_service": {
          "other_platform_oauth_client": [
            {
              "client_id": "884451188715-cdcq3psiohlllii6jdo77f93fip7mclj.apps.googleusercontent.com",
              "client_type": 3
            }
          ]
        }
      }
    }
  ],
  "configuration_version": "1"
}